<?xml version="1.0" encoding="UTF-8"?>
<project-private xmlns="http://www.netbeans.org/ns/project-private/1">
    <editor-bookmarks xmlns="http://www.netbeans.org/ns/editor-bookmarks/2" lastBookmarkId="0"/>
    <open-files xmlns="http://www.netbeans.org/ns/projectui-open-files/2">
        <group>
            <file>file:/C:/Users/rojov/OneDrive/Documentos/Calculadora%20de%20derivadas/Calculadora/src/calcutec/Derivadas.java</file>
            <file>file:/C:/Users/rojov/OneDrive/Documentos/Calculadora%20de%20derivadas/Calculadora/src/calcutec/CalculadoraDerivada.java</file>
        </group>
    </open-files>
</project-private>
